0.55378,0.47699,0,0,0,0.010893,0.00010988,0.014907,0.00022441,0.043119,0.053571,0.05081,0.024942,0.95679,0.15955,0.4322,0.051546,0.54563,0.26115,1
0.74502,0.51046,0,0,0,0.013072,0.00046539,0.01118,5.6103e-05,0.046476,0.060877,0.051546,0.02728,0.9856,0.14698,0.42373,0.055965,0.53858,0.29766,1
0.41434,0.53556,0,0,0,0.010893,0.00018745,0.018634,0.00037669,0.042603,0.055195,0.047865,0.024942,0.97325,0.14698,0.43644,0.050074,0.53263,0.29004,1
0.13147,0.5272,0,0,0,0.019608,0.00029087,0.024845,0.00034196,0.040795,0.056818,0.04271,0.023383,1,0.1294,0.43856,0.051546,0.57363,0.33112,1
0.15139,0.41841,0,0,0,0.028322,0.00065284,0.019876,0.0003099,0.042086,0.051136,0.05081,0.024162,0.9465,0.16457,0.43432,0.052283,0.56292,0.25115,1
0.059761,0.48954,0,0,0,0.019608,0.00013574,0.014907,0.00022441,0.03873,0.050325,0.044183,0.021824,0.96708,0.14698,0.4428,0.047128,0.56151,0.28636,1
0.099602,0.23431,0,1,0,0.039216,0.0015513,0.054658,0.0022976,0.13943,0.14286,0.17158,0.1021,0.86831,0.30905,0.27119,0.17158,0.43694,0.16823,1
0.051793,0.41423,0,0,0,0.067538,0.0093401,0.059627,0.00073736,0.12497,0.13799,0.14212,0.09431,0.9465,0.22864,0.32627,0.14212,0.36885,0.21977,1
0.039841,0.40586,0,0,0,0.052288,0.0013962,0.031056,0.0006866,0.12316,0.1388,0.13991,0.090413,0.96708,0.22613,0.30932,0.13991,0.38876,0.22773,1
0.33466,0.37657,0,0,0,0.052288,0.0022494,0.028571,0.00087895,0.14846,0.15503,0.17747,0.11146,0.88889,0.29523,0.27331,0.17747,0.40479,0.1802,1
0.067729,0.56067,0,0,0,0.015251,3.2319e-05,0.013665,0.00026983,0.027369,0.040584,0.02651,0.015588,0.98354,0.11181,0.48517,0.036819,0.60053,0.36324,1
0.087649,0.1841,0,0,0,0.087146,0.006412,0.039752,0.00056638,0.16344,0.15828,0.20619,0.12315,0.79424,0.36935,0.24576,0.20619,0.43507,0.14081,1
0.77689,0.49372,0,0,0,0.03268,0.00075626,0.014907,0.00012824,0.044152,0.05763,0.048601,0.0265,0.97942,0.14322,0.43644,0.054492,0.54012,0.29618,1
0.31474,0.43933,0,0,0,0.058824,0.0028505,0.034783,0.0006305,0.1513,0.15503,0.18262,0.11458,0.86626,0.30779,0.27542,0.18262,0.40736,0.16655,1
0.0039841,0.13808,0,0,0,0.084967,0.0041691,0.053416,0.0011034,0.13065,0.12662,0.16716,0.095869,0.81481,0.32915,0.29237,0.16716,0.45768,0.14404,1
0.4741,0.52301,0,0,0,0.023965,0.0007304,0.02236,0.00032059,0.043635,0.056818,0.047865,0.0265,0.97737,0.14196,0.44068,0.053019,0.52954,0.2977,1
0.57769,0.4728,0,0,0,0.019608,0.00029087,0.0086956,7.7476e-05,0.042086,0.054383,0.048601,0.023383,0.97119,0.15327,0.42797,0.05081,0.56349,0.27914,1
0.087649,0.30962,0,0,0,0.056645,0.0018357,0.039752,0.00069461,0.12523,0.13799,0.14507,0.091972,0.94444,0.24246,0.30508,0.14507,0.39975,0.21203,1
0.54582,0.43933,0,0,0,0.023965,0.00026501,0.0099379,0.00014961,0.045185,0.055195,0.054492,0.025721,0.95267,0.16834,0.42161,0.055228,0.55917,0.24832,1
0.90837,0.4728,0,0,0,0.034858,0.00012927,0.019876,0.00024579,0.041053,0.051948,0.047128,0.024162,0.96091,0.15075,0.4428,0.050074,0.54586,0.27675,1
0.083665,0.43933,0,0,0,0.015251,0.00018745,0.0074534,9.6177e-05,0.039246,0.049513,0.046392,0.021824,0.95679,0.15578,0.43856,0.048601,0.5754,0.26526,1
0.47809,0.20502,0,0,0,0.089325,0.0040657,0.064596,0.0020732,0.18642,0.18019,0.23343,0.14263,0.77778,0.39698,0.2161,0.23343,0.4223,0.13989,1
0.12749,0.57741,0,0,0,0.021786,0.00043953,0.016149,0.00010954,0.037955,0.030032,0.057437,0.024942,0.81893,0.21859,0.47458,0.057437,0.57834,0.10105,1
0.31474,0.35146,0,0,0,0.04793,0.0017581,0.021118,0.00039807,0.14924,0.15584,0.17673,0.1138,0.88889,0.28769,0.28602,0.17673,0.39044,0.17858,1
0.37849,0.30544,0,0,0,0.058824,0.00223,0.036025,0.0016484,0.16628,0.17208,0.19882,0.12627,0.87654,0.31784,0.24788,0.19882,0.39879,0.17274,1
0.57371,0.38075,0,0,0,0.034858,0.0010601,0.058385,0.0010713,0.16086,0.16153,0.19735,0.12159,0.83951,0.33668,0.25424,0.19735,0.41776,0.1567,1
0.067729,0.53138,0,0,0,0.034858,0.00098249,0.018634,0.0002164,0.040021,0.053571,0.043446,0.023383,0.98148,0.13693,0.44492,0.048601,0.54387,0.30928,1
0.54582,0.51046,0,0,0,0.026144,0.00077565,0.026087,0.00015228,0.044926,0.056818,0.052283,0.025721,0.96708,0.15829,0.42373,0.054492,0.5582,0.26933,1
0.47809,0.42678,0,0,0,0.067538,0.0026695,0.065838,0.0011034,0.14123,0.1461,0.16863,0.10756,0.8786,0.28518,0.30085,0.16863,0.39659,0.1752,1
0.3745,0.19247,0,0,0,0.071895,0.0059531,0.047205,0.0012396,0.18332,0.18019,0.22828,0.13874,0.80247,0.38568,0.20975,0.22828,0.42569,0.14677,1
0.55378,0.058577,0,0,0,0.039216,0.0025596,0.024845,8.549e-05,0.89233,0.86039,0.9433,0.86906,0.3251,0.59548,0.34746,0.9433,0.1725,0.032691,6
0.56175,0.09205,0,0,0,0.019608,0.0010883,0.01118,0.00025218,0.77098,0.70698,0.85272,0.74591,0.12551,0.72236,0.33898,0.85272,0.24778,0.022783,6
0.25896,0.12552,0,0,0,0.023965,0.00057196,0.0086957,0.0002364,0.76478,0.69481,0.8542,0.73733,0.082304,0.76005,0.31992,0.8542,0.26205,0.023389,6
0.65339,0.3682,0,0,0,0.034858,0.00082736,0.017391,0.00034196,0.65117,0.57711,0.78203,0.58379,0.092593,0.94347,0,0.78203,0.33042,0.059896,6
0.90438,0.037657,0,0,0,0.041394,0.0008563,0.018634,0.000543,0.87142,0.83279,0.93152,0.84489,0.28189,0.63693,0.32203,0.93152,0.18889,0.033904,6
0.49004,0.075314,0,0,0,0.039216,0.001241,0.023602,0.00065455,0.89543,0.87094,0.94698,0.86438,0.38066,0.59925,0.2839,0.94698,0.16562,0.048152,6
0.61753,0.087866,0,0,0,0.030501,0.00028441,0.058385,0.00075071,0.95017,0.94805,0.96981,0.93141,0.53086,0.44975,0.38136,0.96981,0.11306,0.046368,6
0.079681,0.33054,0,0,0,0.026144,7.7564e-05,0.017391,0.00040608,0.79112,0.77354,0.85199,0.74357,0.47119,0.6206,0.15466,0.85199,0.1797,0.080272,6
0.027888,0.11715,0,1,0,0.054466,0.0019714,0.040994,0.00050493,0.79034,0.74919,0.87482,0.74045,0.29218,0.74121,0.13559,0.87482,0.22295,0.061675,6
0.48207,0,0,0,0,0.039216,0.00054296,0.064596,0.003644,1,1,1,1,0.52881,0.36181,0.53178,1,0.092773,0.001724,6
0.17131,0.28452,0,0,0,0.017429,0.00060082,0.017391,0.00029119,0.7511,0.68588,0.83873,0.72097,0.12346,0.74749,0.29873,0.83873,0.25808,0.028352,6
0.023904,0.029289,0,0,0,0.050109,0.0012734,0.021118,0.00026983,0.96643,0.97403,0.97791,0.947,0.59877,0.41206,0.375,0.97791,0.096352,0.058626,6
0.74502,0.12971,0,0,0,0.030501,0.00094997,0.037267,0.00091242,0.75936,0.69886,0.83652,0.73578,0.15638,0.69598,0.35169,0.83652,0.24193,0.022343,6
0.60159,0.029289,0,0,0,0.030501,0.00079481,0.012422,0.00019632,0.78156,0.71023,0.86451,0.76228,0.065844,0.73116,0.38559,0.86451,0.25467,0.014079,6
0.4741,0.2636,0,0,0,0.013072,0.00015513,0.01118,5.6104e-05,0.71004,0.65097,0.81664,0.65394,0.18519,0.83417,0.088983,0.81664,0.27678,0.057525,6
0.56574,0.054393,0,0,0,0.050109,0.0015836,0.019876,0.00082286,0.88975,0.85958,0.93888,0.86672,0.33951,0.58543,0.34958,0.93888,0.1694,0.033674,6
0.71713,0.066946,0,0,0,0.028322,0.00080797,0.01118,0.00018434,0.96256,0.96834,0.97128,0.94778,0.58642,0.39698,0.41314,0.97128,0.096263,0.049374,6
0.42231,0.041841,0,0,0,0.026144,0.00090122,0.026087,0.00029448,0.88381,0.84578,0.94035,0.86048,0.28189,0.62186,0.34746,0.94035,0.18402,0.029759,6
0.89641,0.30126,0,0,0,0.034858,0.00090492,0.023602,0.00036601,0.63181,0.54464,0.77467,0.5643,0,1,0,0.77467,0.36206,0.054096,6
0.36653,0.075314,0,0,0,0.04793,0.002146,0.031056,0.0011354,0.89569,0.86932,0.94624,0.8675,0.36626,0.59422,0.3072,0.94624,0.16648,0.043216,6
0.23506,0.17155,0,0,0,0.028322,0.0010407,0.017391,0.00053432,0.77821,0.73782,0.85641,0.73422,0.30247,0.70603,0.18432,0.85641,0.21838,0.055832,6
0.70916,0.37657,0,0,0,0.017429,0.00067223,0.013665,0.00023777,0.94061,0.9237,0.9757,0.91972,0.42181,0.52638,0.36441,0.9757,0.14111,0.037476,6
0.44223,0.079498,0,0,0,0.021787,0.00047498,0.027329,0.00051942,0.78957,0.7362,0.8623,0.76383,0.19959,0.6809,0.33263,0.8623,0.22538,0.026991,6
0.40637,0.22176,0,0,0,0.026144,0.0012203,0.029814,0.00066286,0.75833,0.70373,0.83652,0.72798,0.20165,0.701,0.29661,0.83652,0.2368,0.032526,6
0.68924,0.16318,0,0,0,0.039216,0.0013266,0.021118,0.00068712,0.74903,0.69156,0.83358,0.71473,0.18313,0.73116,0.26483,0.83358,0.24734,0.035889,6
0.31474,0.12134,0,0,0,0.023965,0.001002,0.016149,0.00055701,0.77175,0.70292,0.85493,0.74981,0.088477,0.7299,0.36441,0.85493,0.25405,0.017839,6
0.26295,0.25105,0,0,0,0.065359,0.0015513,0.03354,0.0002164,0.87813,0.84416,0.93373,0.85191,0.31481,0.61558,0.32415,0.93373,0.17967,0.035433,6
0.36255,0.18828,0,0,0,0.017429,5.171e-05,0.018634,0.00040875,0.87839,0.84659,0.93225,0.85191,0.33128,0.60678,0.32203,0.93225,0.17606,0.037838,6
0.26295,0.087866,0,0,0,0.037037,0.0018549,0.039752,0.00094561,0.87994,0.84091,0.94256,0.85113,0.27572,0.65201,0.30297,0.94256,0.19063,0.036547,6
0.49402,0.14644,0,1,0,0.023965,0.0010674,0.048447,0.00056389,0.86832,0.82386,0.93446,0.841,0.23868,0.66709,0.31568,0.93446,0.20012,0.03211,6
0.39841,0.46025,0,1,0,0.026144,0.0014717,0.03354,0.00064068,0.023754,0.0081169,0.039764,0.021824,0.76543,0.19724,0.56568,0.039764,0.84352,0.0021842,3
0.079681,0.46444,0,0,0,0.017429,0.00070452,0.0099379,0.00029119,0.003873,0,0.0081001,0.0031177,0.86214,0.13191,0.57627,0.0081001,0.55556,0.01601,3
0.1753,0.32636,0,0,0,0.030501,0.00059466,0.017391,0.00034196,0.016008,0.00081169,0.04271,0.0023383,0.7716,0.25,0.47034,0.04271,0.98611,0.075436,3
0.067729,0.31799,0,0,0,0.061002,0.0034252,0.042236,0.0012601,0.020398,0.0089286,0.037555,0.01325,0.79835,0.20226,0.52331,0.037555,0.86277,0.055868,3
0.20319,0.38075,0,0,0,0.028322,0.00088553,0.018634,0.00040875,0.020139,0.0048701,0.041973,0.011691,0.76955,0.22613,0.51271,0.041973,0.89974,0.049896,3
0.21116,0.33473,0,0,0,0.056645,0.0026889,0.018634,0.00018434,0.022721,0.0040584,0.053019,0.0085737,0.7428,0.2701,0.4661,0.053019,0.94481,0.063794,3
0.31474,0.31799,0,0,0.5,0.95643,1,1,1,0.47018,0.42938,0.52356,0.45284,0.41152,0.50126,0.41737,0.52356,0.30628,0.020168,3
0.55378,0.4728,0,0,0,0.039216,0.00077565,0.024845,0.00075873,0.017557,0.0016234,0.040501,0.0085737,0.76543,0.23116,0.50847,0.040501,0.97377,0.048831,3
0.27092,0.53556,0,0,0,0.11111,0.0030947,0.047205,0.0012038,0.126,0.11688,0.14948,0.1099,0.77778,0.26131,0.44492,0.15832,0.38661,0.15347,3
0.031873,0.2887,0,0,0,0.11547,0.024,0.37267,0.051583,0.16473,0.12662,0.20987,0.15355,0.54321,0.38191,0.48305,0.20987,0.51425,0.018428,3
0.01992,0.29289,0,0,0.5,0.16122,0.015254,0.12795,0.020563,0.087013,0.056006,0.12518,0.076383,0.62551,0.32663,0.49153,0.12518,0.62816,0.026389,3
0.29084,0.49372,0,0,0,0.0087146,5.171e-05,0.0024845,2.1373e-05,0.0036148,0,0.010309,0,0.8642,0.14447,0.55297,0.010309,1,0.080905,3
0.15936,0.26778,0,0,0.5,0.60349,0.033397,0.59503,0.022876,0.38342,0.34659,0.43373,0.36555,0.47325,0.46357,0.41737,0.43373,0.2978,0.032283,3
0.13944,0.56067,0,0,0,0.010893,0.00034258,0.028571,0.0014881,0.0059385,0.0024351,0.0095729,0.005456,0.8642,0.1294,0.57839,0.0095729,0.25185,0,3
0.37052,0.55649,0,0,0,0.017429,0.00020684,0.01118,0.00012022,0.0080041,0,0.022828,0,0.82922,0.18719,0.51695,0.022828,1,0.080905,3
0.067729,0.33054,0,0,0,0.041394,0.00065284,0.014907,0.0001603,0.019623,0.0040584,0.045655,0.0070148,0.76749,0.24749,0.47881,0.045655,0.92615,0.067946,3
0.26693,0.38494,0,0,0,0.026144,0.0010083,0.024845,0.00069461,0.014975,0.00081169,0.037555,0.0046765,0.77984,0.22864,0.49788,0.037555,0.98765,0.064027,3
0.1753,0.40586,0,0,0.5,1,0.022331,0.60994,0.011491,0.34728,0.30519,0.40501,0.32658,0.4465,0.49246,0.39619,0.40501,0.35898,0.031591,3
0.23108,0.3682,0,0,0,0.030501,0.0014479,0.02236,0.00025647,0.014201,0.00081169,0.036819,0.0031177,0.78601,0.22864,0.49153,0.036819,0.98611,0.070648,3
0.26295,0.52301,0,0,0,0.26362,0.0064719,0.059627,0.0023062,0.10818,0.065747,0.16789,0.085737,0.53086,0.44221,0.39407,0.16789,0.66081,0.041409,3
0.89641,0.41423,0,0,0,0.013072,0.00015513,0.01118,0.00015228,0.011619,0.00081169,0.029455,0.0031177,0.80658,0.20352,0.51271,0.029455,0.97778,0.069491,3
0.91633,0.4728,0,0,0,0.13508,0.026114,0.040994,0.0046406,0.020914,0.010552,0.039028,0.011691,0.80658,0.20729,0.50636,0.039028,0.89537,0.076357,3
0.40637,0.47699,0,0,0,0.037037,0.0014446,0.018634,0.00049859,0.012393,0.0032468,0.025773,0.0070148,0.81893,0.1809,0.53814,0.025773,0.92381,0.054373,3
0,0.29289,0,0,0,0.47712,0.46677,0.20621,0.14813,0.14872,0.10227,0.2025,0.1364,0.4856,0.42211,0.47458,0.2025,0.59528,0.01715,3
0.91235,0.4728,0,0,0,0.010893,0.00018745,0.0062112,0.00010954,0.0046476,0,0.013255,0,0.85597,0.15452,0.54449,0.013255,1,0.080905,3
0.22709,0.41004,0,0,0,0.034858,0.00043953,0.063354,0.0012102,0.029951,0.010552,0.055965,0.021044,0.73457,0.25,0.50847,0.055965,0.86448,0.045806,3
0.23108,0.45607,0,0,0,0.084967,0.0034661,0.032298,0.0013488,0.13297,0.07711,0.21944,0.09509,0.41975,0.58543,0.26695,0.21944,0.68127,0.05554,3
0.55378,0.47699,0,0,0,0.026144,0.00038782,0.059627,0.002725,0.027369,0.011364,0.051546,0.017147,0.76132,0.23995,0.49788,0.051546,0.8532,0.054988,3
0.50199,0.5523,0,0,0,0.058824,0.0002133,0.019876,0.00043814,0.029176,0.0064935,0.062592,0.015588,0.70988,0.28769,0.47034,0.062592,0.91538,0.050694,3
0.087649,0.49372,0,0,0,0.019608,0.00013574,0.0086957,0.00010954,0.0036148,0,0.010309,0,0.8642,0.14447,0.55297,0.010309,0.77778,0.080905,3
0.75697,0.45188,0,0,0,0.043573,0.0022581,0.021118,0.00055701,0.27782,0.26461,0.31959,0.2463,0.69136,0.39322,0.31144,0.31959,0.27172,0.097287,2
0.86853,0.2887,0,0,0,0.050109,0.00057527,0.014907,0.00067324,0.27679,0.26542,0.31959,0.2424,0.70576,0.39824,0.28814,0.31959,0.28296,0.10532,2
0.53785,0.14226,0,0,0,0.04793,0.0026953,0.045963,0.001101,0.37,0.35146,0.42268,0.33203,0.61728,0.47236,0.25424,0.42268,0.25937,0.089892,2
0.25896,0.62343,0,0,0,0.11765,0.0070584,0.062112,0.0003099,0.15931,0.13312,0.20913,0.13172,0.6358,0.40452,0.34958,0.20913,0.42601,0.07269,2
0.75299,0.39331,0,0,0,0.074074,0.0040075,0.048447,0.0012102,0.31887,0.30114,0.37334,0.27825,0.64198,0.46859,0.23517,0.37334,0.29599,0.099125,2
0.14343,0.28033,0,0,0,0.039216,0.00031026,0.057143,0.0020732,0.30545,0.30032,0.34389,0.26968,0.7428,0.38317,0.27542,0.34389,0.25892,0.11951,2
0.78486,0.48536,0,0,0,0.095861,0.0076531,0.1913,0.042948,0.28402,0.2776,0.31959,0.25253,0.74074,0.36307,0.31144,0.31959,0.249,0.11538,2
0.75697,0.37657,0,0,0,0.043573,0.0013602,0.024845,0.00085574,0.31397,0.2849,0.3785,0.27358,0.55761,0.51884,0.23729,0.3785,0.32273,0.080922,2
0.96414,0.45607,0,0,0,0.17429,0.0076087,0.034783,0.0013228,0.33359,0.32711,0.37334,0.29774,0.72222,0.39698,0.27331,0.37334,0.24532,0.11494,2
0.91235,0.44351,0,0,0,0.12854,0.0016212,0.032298,0.00062082,0.27214,0.24513,0.3299,0.23694,0.58848,0.47362,0.28178,0.3299,0.33503,0.078711,2
0.59761,0.32636,0,0,0,0.32898,0.0079884,0.016149,0.00028109,0.22102,0.19968,0.27172,0.18784,0.65021,0.42462,0.30085,0.27172,0.35127,0.089774,2
0.69721,0.37238,0,0,0,0.076253,0.0013509,0.032298,0.0004702,0.38601,0.36769,0.4433,0.34295,0.61317,0.5,0.21186,0.4433,0.26862,0.097252,2
0.46614,0.48117,0,0,0,0.026144,0.00069808,0.040994,0.0015308,0.1433,0.11769,0.18999,0.11847,0.64609,0.38442,0.37288,0.18999,0.43708,0.068968,2
0.16335,0.19247,0,0,0,0.054466,0.0017027,0.02236,0.00026339,0.45804,0.43425,0.52651,0.40842,0.54527,0.57538,0.15466,0.52651,0.26678,0.092709,2
0.86056,0.57322,0,0,0,0.08061,0.0044535,0.023602,0.00036601,0.20269,0.15666,0.27541,0.16991,0.46914,0.53266,0.30508,0.27541,0.48377,0.054297,2
0.051793,0.56485,0,1,0,0.034858,0.00082736,0.024845,0.00053432,0.073845,0.058442,0.10383,0.056898,0.74897,0.28141,0.44068,0.10383,0.48786,0.078215,2
0.083665,0.31799,0,0,0,0.074074,0.0021973,0.026087,0.00044983,0.44642,0.40747,0.5324,0.39283,0.43416,0.66206,0.12288,0.5324,0.3097,0.078926,2
0.51394,0.087866,0,0,0,0.043573,0.0018273,0.018634,0.00060351,0.41467,0.3961,0.46981,0.37412,0.60082,0.49623,0.23093,0.46981,0.249,0.090537,2
0.64143,0.61925,0,0,0,0.084967,0.001676,0.049689,0.0010499,0.18203,0.18425,0.19588,0.16524,0.84362,0.22613,0.43644,0.19588,0.20285,0.13499,2
0.59363,0.61506,0,0,0,0.084967,0.0028505,0.031056,0.00030189,0.058869,0.051136,0.081001,0.042868,0.81276,0.23744,0.44915,0.081001,0.50309,0.10888,2
0.64542,0.23849,0,0,0,0.071895,0.0038589,0.034783,0.00069461,0.39582,0.37987,0.45214,0.35152,0.62757,0.49749,0.20127,0.45214,0.26505,0.10131,2
0.74104,0.2887,0,0,0,0.052288,0.001241,0.029814,0.00051294,0.28247,0.27597,0.31591,0.25331,0.74074,0.35176,0.33051,0.31591,0.24473,0.10902,2
0.55378,0.25941,0,0,0,0.067538,0.0014446,0.017391,0.000724,0.32275,0.3336,0.33873,0.2954,0.85802,0.27261,0.34322,0.33873,0.17616,0.15741,2
0.93625,0.44351,0,0,0,0.030501,0.00070452,0.028571,0.00053585,0.31991,0.28896,0.38733,0.27825,0.54115,0.53518,0.22669,0.38733,0.33048,0.079963,2
0.44223,0.33054,0,0,0,0.28976,0.012121,0.028571,0.00063464,0.45443,0.42127,0.52872,0.40764,0.47531,0.60427,0.17797,0.52872,0.27835,0.078233,2
0.78088,0.46025,0,0,0,0.84967,0.030302,0.021118,0.0006526,0.28608,0.27354,0.32769,0.25409,0.69342,0.39447,0.3072,0.32769,0.28058,0.099226,2
0.55777,0.025105,0,1,1,0.14597,0.007765,0.1118,0.0016728,0.31087,0.29464,0.35788,0.2767,0.65638,0.42839,0.28814,0.35788,0.26819,0.09283,2
0.31076,0.07113,0,0,0,0.16776,0.0065653,0.018634,0.00047484,0.43506,0.39042,0.5243,0.38348,0.39506,0.67588,0.13983,0.5243,0.32456,0.071618,2
0.66932,0.38075,0,0,0,0.039216,0.00062052,0.019876,0.00021373,0.40589,0.39042,0.46171,0.36165,0.62757,0.49749,0.20127,0.46171,0.25976,0.10107,2
0.8247,0.22594,0,0,0,0.054466,0.0021584,0.5913,0.018421,0.3953,0.38474,0.4271,0.37178,0.66872,0.37186,0.37076,0.4271,0.19713,0.10381,2
0.749,0.55649,0,0,0,0,0,0,0,0,0,0,0,0.893,0.1093,0.58263,0,0,0.46905,7
0.749,0.54393,0,0,0,0,0,0,0,0,0,0,0,0.893,0.1093,0.58263,0,0,0.46905,7
0.83267,0.59414,0,0,0,0,0,0,0,0,0,0,0,0.893,0.1093,0.58263,0,0,0.46905,7
0.22311,0.32636,0,0,0,0.067538,0.0022804,0.13789,0.0033927,0.11851,0.094968,0.16274,0.09431,0.67078,0.36558,0.37924,0.16274,0.47749,0.074354,7
0.96414,0.34728,0,0,0,0.026144,0.00054295,0.0049689,2.1373e-05,0.0082623,0.0016234,0.021355,0.00077942,0.83951,0.17839,0.52119,0.021355,0.97778,0.085196,7
0.90837,0.38912,0,0,0,0.019608,0.00095589,0.063354,0.0014724,0.13788,0.11932,0.17305,0.11847,0.70165,0.32412,0.41737,0.17305,0.37553,0.070482,7
0.89641,0.50209,0,0,0,0,0,0,0,0,0,0,0,0.893,0.1093,0.58263,0,0,0.46905,7
0.77689,0.35146,0,0,0,0.067538,0.0019613,0.029814,0.00091242,0.053189,0.049513,0.071429,0.037412,0.84568,0.21608,0.45127,0.071429,0.51257,0.14487,7
0.16733,0.58996,0,0,0,0.076253,0.0029798,0.027329,0.00059844,0.010586,0.0073052,0.019146,0.0046765,0.8642,0.15578,0.5339,0.019146,0.64868,0.11077,7
0.21116,0.51046,0,0,0,0.061002,0.0017581,0.01118,0.00024846,0.037439,0.026786,0.059647,0.024162,0.79835,0.23241,0.47246,0.059647,0.63047,0.089503,7
0.62151,0.30962,0,0,0,0.04793,0.0021663,0.0049689,0.00012416,0.13194,0.10633,0.1782,0.10756,0.65021,0.3794,0.37712,0.1782,0.45902,0.068578,7
0.37849,0.34728,0,0,0,0.028322,0.00049771,0.0099379,0.0003099,0.14098,0.11688,0.19072,0.11146,0.65844,0.3995,0.33475,0.19072,0.45155,0.082666,7
0.60159,0.60251,0,0,0,0.019608,0.0010665,0.24099,0.095077,0.050865,0.038961,0.072901,0.038971,0.78395,0.23492,0.48305,0.072901,0.5,0.076982,7
0.8247,0.096234,0,0,0,0.067538,0.0030209,0.0099379,0.000362,0.1007,0.078734,0.13918,0.08106,0.6893,0.33166,0.41737,0.13918,0.47996,0.068305,7
0.88048,0.21339,0,0,0,0.010893,0.00043792,0.014907,0.00040234,0.044668,0.030032,0.075847,0.025721,0.76543,0.28015,0.42585,0.075847,0.68081,0.09207,7
0.48606,0.58996,0,0,0,0,0,0,0,0,0,0,0,0.893,0.1093,0.58263,0,0,0.46905,7
0.075697,0.51464,0,0,0,0.026144,0.00015513,0.013665,0.00017365,0.020656,0.0081169,0.04271,0.0093531,0.79012,0.22739,0.48941,0.04271,0.82923,0.073733,7
0.88446,0.21339,0,0,0,0.013072,0.00052032,0.0099379,0.000362,0.044926,0.030032,0.075847,0.0265,0.76337,0.27889,0.43008,0.075847,0.67037,0.089371,7
0.72908,0.56067,0,0,0,0.028322,0.0010674,0.0049689,0.00019632,0.003873,0.0024351,0.0081001,0.00077942,0.88066,0.13191,0.5572,0.0081001,0.52778,0.11305,7
0.89243,0.19665,0,0,0,0.013072,0.00073585,0.0099379,0.00024833,0.058094,0.040584,0.09352,0.037412,0.73868,0.30528,0.41102,0.09352,0.62222,0.085693,7
0.22709,0.42678,0,0,0,0.13508,0.0021348,0.016149,0.00028109,0.14537,0.12338,0.18851,0.12081,0.67284,0.36683,0.375,0.18851,0.41481,0.075105,7
0.63347,0.12552,0,0,0,0.03268,0.001413,0.0049689,0.00012416,0.0049058,0.0040584,0.0081001,0.0023383,0.88477,0.12688,0.56144,0.0081001,0.53704,0.1271,7
0.63347,0.41423,0,0,0,0.03268,0.0012063,0.0099379,0.00019632,0.2205,0.19886,0.26068,0.19875,0.64815,0.3706,0.39407,0.26068,0.30744,0.063698,7
0.73705,0.0041841,0,0,0,0.017429,0.00047499,0.052174,0.0014184,0.043635,0.028409,0.07511,0.024942,0.76132,0.28141,0.42797,0.07511,0.6873,0.087654,7
0.56175,0.41841,0,0,0,0.043573,0.0007948,0.012422,0.00024833,0.20036,0.17938,0.23785,0.18083,0.66049,0.35176,0.41314,0.23785,0.31548,0.06084,7
1,0.5272,0,0,0,0.034858,0.00094997,0.013665,0.00051382,0.005164,0.0024351,0.011782,0.00077942,0.87037,0.14447,0.54661,0.011782,0.75,0.09699,7
0.81673,0.20921,0,0,0,0.021786,0.00070452,0.01118,0.00033143,0.049316,0.034091,0.081001,0.030398,0.75926,0.28392,0.42585,0.081001,0.64589,0.089371,7
0.94821,0.3431,0,0,0,0.13508,0.023554,0.023602,0.00062248,0.10044,0.07224,0.15169,0.073266,0.64198,0.39698,0.35593,0.15169,0.577,0.072918,7
0.82072,0.43515,0,0,0,0.041394,0.00057527,0.0037267,2.4044e-05,0.0085205,0.0032468,0.019146,0.0023383,0.84979,0.16583,0.53178,0.019146,0.93333,0.086254,7
0.35458,0.51464,0,0,0,0.015251,3.2319e-05,0.021118,0.00010954,0.014717,0.0073052,0.030928,0.0046765,0.83128,0.19598,0.5,0.030928,0.88148,0.095963,7
0.33865,0.77824,0,1,0.5,0.063181,0.0025335,0.028571,0.00079625,0.44074,0.41071,0.51546,0.39049,0.50412,0.60302,0.15042,0.51546,0.28533,0.085793,5
0.011952,0.74477,0,0,0,0.08061,0.0067805,0.26211,0.082662,0.18435,0.17127,0.2187,0.16056,0.72634,0.33166,0.37924,0.2187,0.27147,0.079681,5
0.52988,0.7364,0,0,0,0.074074,0.0026446,0.047205,0.0012874,0.41389,0.38474,0.49116,0.36009,0.52058,0.6093,0.12288,0.49116,0.30746,0.092194,5
1,0.79498,0,0,0,0.18083,0.0095901,0.12422,0.0041803,0.28092,0.26136,0.32474,0.25331,0.64198,0.40452,0.34322,0.32474,0.27537,0.065814,5
0.86853,0.69038,0,0,0.5,0.082789,0.0032425,0.11429,0.0020497,0.42035,0.38961,0.50147,0.36399,0.50617,0.63065,0.10169,0.50147,0.31446,0.092719,5
0.81275,0.74895,0,0,0,0.050109,0.001742,0.036025,0.00081064,0.34495,0.32711,0.40206,0.30164,0.63169,0.48869,0.21186,0.40206,0.29079,0.1007,5
0.8008,0.76151,0,0,0,0.043573,0.0013094,0.075776,0.0017956,0.29073,0.27679,0.33579,0.25643,0.68107,0.41332,0.28814,0.33579,0.27839,0.099697,5
0.88446,0.62762,0,0,0,0.054466,0.0053067,0.20124,0.022377,0.29305,0.26299,0.3461,0.26578,0.55761,0.45477,0.34534,0.3461,0.30842,0.046082,5
0.34263,0.77406,0,1,0,0.052288,0.001517,0.049689,0.0012038,0.42938,0.40179,0.50147,0.37958,0.52675,0.58668,0.15466,0.50147,0.28753,0.089367,5
0.41434,0.76151,0,0,0,0.12636,0.0033249,0.064596,0.0015706,0.41906,0.38799,0.49779,0.36555,0.50412,0.61809,0.125,0.49779,0.30847,0.089547,5
0.30279,0.72803,0,0,0,0.11547,0.013373,0.13913,0.023168,0.22696,0.21347,0.26289,0.20187,0.70782,0.3505,0.36653,0.26289,0.27036,0.082596,5
0.34661,0.70711,0,0,0,0.058824,0.0016351,0.085714,0.0020837,0.35141,0.33036,0.41311,0.30631,0.60494,0.51382,0.19703,0.41311,0.30092,0.096783,5
0.84861,0.62762,0,0,0,0.14597,0.0012734,0.25714,0.013649,0.28195,0.25812,0.32916,0.25487,0.60905,0.42211,0.34746,0.32916,0.29806,0.061531,5
0.78486,0.71967,0,0,0,0.041394,0.0020622,0.075776,0.0011523,0.37671,0.35714,0.44109,0.32736,0.607,0.53392,0.16102,0.44109,0.29862,0.10304,5
0.749,0.7364,0,0,0,0.04793,0.0017517,0.068323,0.0017233,0.33824,0.32224,0.39691,0.2915,0.64815,0.49497,0.18432,0.39691,0.30575,0.10813,5
0.49004,0.75314,0,0,0,0.13725,0.0047795,0.073292,0.0020198,0.41647,0.38636,0.49558,0.36165,0.51235,0.61935,0.11441,0.49558,0.31361,0.091824,5
0.72112,0.73222,0,1,0,0.14379,0.0035671,0.039752,0.00089536,0.33772,0.31981,0.39691,0.29228,0.63374,0.49749,0.19492,0.39691,0.30452,0.10339,5
0.59761,0.63598,0,0,0,0.08061,0.0039881,0.40621,0.030288,0.27885,0.25244,0.31811,0.26267,0.59053,0.38065,0.43644,0.31885,0.26385,0.0024945,5
0.44223,0.77824,0,0,0,0.16558,0.0052249,0.11056,0.0022526,0.35089,0.3263,0.41237,0.30943,0.57819,0.51256,0.22669,0.41237,0.29633,0.0852,5
0.54183,0.71548,0,0,0,0.071895,0.0067288,0.080745,0.0066496,0.24348,0.22971,0.28424,0.21356,0.69959,0.3794,0.32627,0.28424,0.28576,0.098191,5
0.011952,0.79498,0,0,1,0.10675,0.0029299,0.11677,0.0022538,0.37439,0.34416,0.44551,0.32814,0.52675,0.56784,0.18644,0.44551,0.30886,0.084458,5
0.93227,0.77406,0,0,0,0.065359,0.002327,0.049689,0.00082828,0.32946,0.30519,0.38807,0.29072,0.58848,0.49246,0.25,0.38807,0.29424,0.084571,5
0.66135,0.74477,0,0,0,0.14815,0.0039053,0.084472,0.001114,0.40718,0.375,0.48012,0.36087,0.5,0.58543,0.18432,0.48012,0.29552,0.079621,5
0.99203,0.69038,0,0,0.5,0.063181,0.0018549,0.077019,0.0012229,0.37413,0.34416,0.44845,0.32424,0.52881,0.58417,0.15678,0.44845,0.31814,0.088714,5
0.96813,0.76569,0,0,0,0.067538,0.0019955,0.050932,0.0014698,0.34676,0.32468,0.40869,0.30242,0.59877,0.51382,0.20339,0.40869,0.30085,0.094352,5
0.70518,0.72803,0,0,0,0.1024,0.0031525,0.069565,0.0016425,0.34185,0.32143,0.40206,0.29774,0.61317,0.50377,0.20551,0.40206,0.30004,0.097253,5
0.90837,0.76987,0,0,0,0.1634,0.0039754,0.091925,0.0016213,0.33256,0.31006,0.39028,0.29306,0.60082,0.48869,0.24364,0.39028,0.29028,0.088632,5
0.015936,0.83264,0,0,0.5,0.084967,0.0029145,0.099379,0.0018851,0.3576,0.33198,0.42636,0.30943,0.5679,0.55151,0.17161,0.42636,0.31757,0.094527,5
0.46614,0.70711,0,0,0,0.076253,0.0025864,0.069565,0.00078528,0.3385,0.32224,0.39102,0.29852,0.64609,0.46357,0.23941,0.39102,0.27882,0.099133,5
0.33865,0.76151,0,0,0,0.12854,0.0028834,0.049689,0.0013052,0.42809,0.39205,0.50736,0.3788,0.46296,0.62312,0.1589,0.50736,0.29958,0.078129,5
0.80876,0.60669,0,0,0,0.019608,0.00048672,0.04472,0.00040234,0.16525,0.12662,0.16863,0.19875,0.53909,0.16834,0.84746,0.18778,0.38903,1,4
0.27888,0.70711,0,1,0,0.04793,0.00098249,0.067081,0.0013465,0.15569,0.13393,0.14212,0.19096,0.67078,0.079146,0.86229,0.18041,0.32738,0.92381,4
0.23506,0.7113,0,1,0,0.065359,0.0020943,0.059627,0.0015068,0.13684,0.125,0.11856,0.16758,0.75309,0.050251,0.82627,0.15832,0.28569,0.87476,4
0.40637,0.85774,0,0,0,0.034858,0.0011376,0.048447,0.00082552,0.10147,0.079545,0.090574,0.13406,0.6893,0.079146,0.84322,0.12666,0.4317,0.92265,4
0.3506,0.87866,0,0,0,0.054466,0.002592,0.032298,0.0011434,0.098115,0.077922,0.082474,0.13406,0.7037,0.05402,0.87076,0.12666,0.44601,0.89849,4
0.027888,0.78661,0,0,0,0.065359,0.0013766,0.031056,0.00051382,0.10457,0.097403,0.078056,0.13952,0.80041,0,0.86229,0.13181,0.40888,0.82216,4
0.79283,1,0,0,0,0.089325,0.0024795,0.032298,0.00073979,0.064291,0.04789,0.048601,0.096648,0.74486,0.045226,0.84322,0.091311,0.56339,0.87546,4
0.64542,0.64854,0,0,0,0.069717,0.0019133,0.054658,0.00075873,0.11825,0.090097,0.10825,0.15588,0.6358,0.08794,0.88347,0.14728,0.44621,0.9353,4
0.73705,0.67782,0,0,0,0.056645,0.0014479,0.047205,0.001432,0.11955,0.099026,0.10309,0.15666,0.69342,0.055276,0.87924,0.14801,0.39643,0.90137,4
0.0039841,0.97908,0,0,0,0.074074,0.0037748,0.070807,0.0023644,0.044668,0.045455,0.039764,0.049104,0.88272,0.095477,0.61653,0.047865,0.19105,0.79461,4
0.24303,0.88703,0,0,0,0.098039,0.0099865,0.037267,0.0017632,0.046476,0.035714,0.030928,0.073266,0.79424,0.041457,0.79873,0.069219,0.59315,0.84834,4
0.96016,0.71967,0,0,0,0.058824,0.0016351,0.048447,0.0012971,0.10715,0.092532,0.082474,0.14731,0.7428,0.01005,0.90466,0.13918,0.42024,0.85377,4
0.79283,0.85356,0,0,0,0.061002,0.0016726,0.10559,0.001908,0.1606,0.125,0.14948,0.20655,0.56379,0.092965,0.94915,0.19514,0.42077,0.94368,4
0.22311,0.69456,0,0,0,0.037037,0.0009631,0.032298,0.0012396,0.13659,0.11526,0.12224,0.17225,0.68107,0.070352,0.86653,0.16274,0.35899,0.91629,4
0.24701,0.87448,0,0,0,0.11983,0.026637,0.081988,0.0043921,0.057062,0.04789,0.04271,0.08106,0.80247,0.050251,0.77542,0.076583,0.48672,0.85697,4
0.46215,0.89121,0,0,0,0.11983,0.0044671,0.068323,0.0021795,0.14123,0.11282,0.11782,0.1933,0.62551,0.025126,1,0.18262,0.44152,0.89607,4
0.9243,0.83682,0,1,0,0.10458,0.010626,0.037267,0.0012503,0.10767,0.090909,0.10088,0.13094,0.72634,0.10176,0.76695,0.12371,0.33542,0.94256,4
0.92032,0.68619,0,0,0,0.045752,0.0010883,0.063354,0.0015638,0.10715,0.090909,0.089838,0.14108,0.73045,0.047739,0.85381,0.13328,0.38741,0.88459,4
0.11155,0.76987,0,0,0,0.017429,0.00070452,0.013665,0.0004908,0.1118,0.10552,0.088365,0.14263,0.80453,0.017588,0.82839,0.13476,0.34231,0.82915,4
0.24701,0.79498,0,0,0,0.056645,0.001603,0.021118,0.00039807,0.054222,0.045455,0.036819,0.08106,0.80658,0.03392,0.79873,0.076583,0.5432,0.83655,4
0.36653,0.94142,0,1,0,0.069717,0.0047056,0.04472,0.00067324,0.087271,0.069805,0.071429,0.12081,0.7284,0.050251,0.85169,0.11414,0.44725,0.88922,4
0.28287,0.75314,0,1,0,0.050109,0.00088553,0.069565,0.0033235,0.10586,0.088474,0.098675,0.13016,0.72222,0.099246,0.77542,0.12297,0.35037,0.94077,4
0.20319,0.66527,0,0,0,0.021786,0.0007948,0.021118,0.00028109,0.17738,0.14692,0.16789,0.21668,0.59671,0.10553,0.89407,0.20471,0.34911,0.95165,4
0.9243,0.72385,0,0,0,0.019608,0.00013574,0.017391,0.00056638,0.082623,0.071429,0.065538,0.11146,0.77778,0.042714,0.81356,0.1053,0.40556,0.86355,4
0.94024,0.75314,0,0,0,0.039216,0.00054295,0.03354,0.00072934,0.051123,0.038961,0.036082,0.078722,0.78189,0.045226,0.80508,0.074374,0.53582,0.86239,4
0.13944,0.97071,0,1,0,0.074074,0.0032319,0.04472,0.00051294,0.092951,0.07224,0.080265,0.12627,0.70165,0.067839,0.84958,0.11929,0.45223,0.90796,4
0.73705,0.86611,0,0,0,0.045752,0.0012992,0.026087,0.00047287,0.095533,0.077922,0.083947,0.12471,0.72428,0.074121,0.81568,0.11782,0.40135,0.91063,4
0.78088,0.94142,0,0,0,0.095861,0.011919,0.074534,0.0054821,0.11206,0.095779,0.11046,0.12938,0.7284,0.1294,0.71822,0.12297,0.29273,0.98608,4
0.8247,0.95816,0,1,0,0.041394,0.0015061,0.054658,0.003612,0.098632,0.079545,0.086156,0.13016,0.71193,0.070352,0.83475,0.12297,0.42162,0.91244,4
0.88446,0.72803,0,0,0,0.019608,0.00061013,0.053416,0.0015009,0.090369,0.084416,0.064801,0.12315,0.81481,0.0012563,0.84534,0.11635,0.44542,0.80984,4
